1,1,白兎環境開発,2020-06-01 01:01:01,2020-06-01 01:01:01
2,2,株式会社ヤマゼン,2020-06-01 01:01:01,2020-06-01 01:01:01
3,3,水ingAM株式会社,2020-06-01 01:01:01,2020-06-01 01:01:01
4,4,柳井電機工業株式会社,2020-06-01 01:01:01,2020-06-01 01:01:01
5,5,株式会社クリタス,2020-06-01 01:01:01,2020-06-01 01:01:01
6,6,株式会社柿本商会,2020-06-01 01:01:01,2020-06-01 01:01:01
7,7,株式会社ウォーターエージェンシー,2020-06-01 01:01:01,2020-06-01 01:01:01
8,8,環境技研株式会社,2020-06-01 01:01:01,2020-06-01 01:01:01
9,9,株式会社フソウ,2020-06-01 01:01:01,2020-06-01 01:01:01
10,10,近畿環境サービス株式会社,2020-06-01 01:01:01,2020-06-01 01:01:01
11,11,田辺電機株式会社,2020-06-01 01:01:01,2020-06-01 01:01:01
12,12,柳井電機工業株式会社,2020-06-01 01:01:01,2020-06-01 01:01:01
13,13,荏原実業株式会社,2020-06-01 01:01:01,2020-06-01 01:01:01
14,14,有限会社嶺北衛生,2020-06-01 01:01:01,2020-06-01 01:01:01
15,15,日本エンヂニヤ株式会社,2020-06-01 01:01:01,2020-06-01 01:01:01
