1,tokorozawa,所沢市,2020-06-01 01:01:01,2020-06-01 01:01:01
2,yasu_gesui,野洲市,2020-06-01 01:01:01,2020-06-01 01:01:01
3,misakicho,美咲町,2020-06-01 01:01:01,2020-06-01 01:01:01
4,moriyama,守山市,2020-06-01 01:01:01,2020-06-01 01:01:01
5,munakata,宗像市,2020-06-01 01:01:01,2020-06-01 01:01:01
6,kankyogiken,環境技研 ,2020-06-01 01:01:01,2020-06-01 01:01:01
7,nihonsoft,日本ソフト,2020-06-01 01:01:01,2020-06-01 01:01:01
8,touganeshi,千葉県東金市,2020-06-01 01:01:01,2020-06-01 01:01:01
9,ibarakimachi,茨城県茨城町,2020-06-01 01:01:01,2020-06-01 01:01:01
10,toyooka,豊岡市,2020-06-01 01:01:01,2020-06-01 01:01:01
11,hatsukaichi,廿日市市,2020-06-01 01:01:01,2020-06-01 01:01:01
12,fukusaki,福崎町,2020-06-01 01:01:01,2020-06-01 01:01:01
13,reihokucho,苓北町,2020-06-01 01:01:01,2020-06-01 01:01:01
14,sasayama,篠山市,2020-06-01 01:01:01,2020-06-01 01:01:01
15,gifu_c,岐阜市,2020-06-01 01:01:01,2020-06-01 01:01:01
16,ichihara,市原市,2020-06-01 01:01:01,2020-06-01 01:01:01
17,oosaka_c,大阪市,2020-06-01 01:01:01,2020-06-01 01:01:01
18,houhu_c,防府市,2020-06-01 01:01:01,2020-06-01 01:01:01
19,shibayamacho,芝山町,2020-06-01 01:01:01,2020-06-01 01:01:01
20,nishiwagamachi,西和賀町,2020-06-01 01:01:01,2020-06-01 01:01:01
21,oogaki_c,大垣市,2020-06-01 01:01:01,2020-06-01 01:01:01
22,hakusan,白山市,2020-06-01 01:01:01,2020-06-01 01:01:01
23,komoro_c,小諸市,2020-06-01 01:01:01,2020-06-01 01:01:01
24,oumihachiman_c,近江八幡市,2020-06-01 01:01:01,2020-06-01 01:01:01
25,hiroshima_c,広島市,2020-06-01 01:01:01,2020-06-01 01:01:01
26,saitama_c,さいたま市,2020-06-01 01:01:01,2020-06-01 01:01:01
27,suo_oshima,周防大島町,2020-06-01 01:01:01,2020-06-01 01:01:01
28,mizumaki,水巻町,2020-06-01 01:01:01,2020-06-01 01:01:01
29,motosu_c,本巣市,2020-06-01 01:01:01,2020-06-01 01:01:01
30,sakai_c,堺市,2020-06-01 01:01:01,2020-06-01 01:01:01
31,kahoku_c,かほく市,2020-06-01 01:01:01,2020-06-01 01:01:01
32,setouchi_c,瀬戸内市,2020-06-01 01:01:01,2020-06-01 01:01:01
33,nagahama_c,長浜市,2020-06-01 01:01:01,2020-06-01 01:01:01
34,ooyamazaki,大山崎町,2020-06-01 01:01:01,2020-06-01 01:01:01
35,adachiku_minumadai,足立区見沼台親水公園,2020-06-01 01:01:01,2020-06-01 01:01:01
36,kasugai_c,春日井市,2020-06-01 01:01:01,2020-06-01 01:01:01
37,takamatsu_c,高松市,2020-06-01 01:01:01,2020-06-01 01:01:01
38,yamazen_co,ヤマゼン,2020-06-01 01:01:01,2020-06-01 01:01:01
39,ena_gesui,恵那市,2020-06-01 01:01:01,2020-06-01 01:01:01
40,youroucho,養老町,2020-06-01 01:01:01,2020-06-01 01:01:01
41,nagano_gesui,長野市下水,2020-06-01 01:01:01,2020-06-01 01:01:01
42,ebarajitsugyo,荏原実業,2020-06-01 01:01:01,2020-06-01 01:01:01
43,wateragency,wateragency,2020-06-01 01:01:01,2020-06-01 01:01:01
44,aoyamaeco,アオヤマエコシステム,2020-06-01 01:01:01,2020-06-01 01:01:01
45,sanuki_c,さぬき市,2020-06-01 01:01:01,2020-06-01 01:01:01
46,yamanouchimachi,山之内町上水,2020-06-01 01:01:01,2020-06-01 01:01:01
47,_small_users,佐々町浄水場　他あり,2020-06-01 01:01:01,2020-06-01 01:01:01
48,chigasaki_c,茅ヶ崎市（エバラ）,2020-06-01 01:01:01,2020-06-01 01:01:01
49,asago_c,朝来市,2020-06-01 01:01:01,2020-06-01 01:01:01
50,kanetsujyouki,過熱蒸気,2020-06-01 01:01:01,2020-06-01 01:01:01
51,sazachou,small_users 佐々町,2020-06-01 01:01:01,2020-06-01 01:01:01
52,saiki_c,佐伯市,2020-06-01 01:01:01,2020-06-01 01:01:01
53,saijyou,small_users saijyou,2020-06-01 01:01:01,2020-06-01 01:01:01
54,higasioosaka_c,東大阪市,2020-06-01 01:01:01,2020-06-01 01:01:01
55,seto_c,瀬戸市(WA),2020-06-01 01:01:01,2020-06-01 01:01:01
56,iwata_usui,磐田市河川（WA）,2020-06-01 01:01:01,2020-06-01 01:01:01
57,minami_izu,南伊豆町,2020-06-01 01:01:01,2020-06-01 01:01:01
58,hokota_c,鉾田市,2020-06-01 01:01:01,2020-06-01 01:01:01
59,ichinoseki_c,一関市,2020-06-01 01:01:01,2020-06-01 01:01:01
60,haneron,ハネロン,2020-06-01 01:01:01,2020-06-01 01:01:01
61,kamitara_gyokyou,kamitara_gyokyou,2020-06-01 01:01:01,2020-06-01 01:01:01
62,sakura_c,佐倉市(EJ),2020-06-01 01:01:01,2020-06-01 01:01:01
63,kagaminocho,鏡野町,2020-06-01 01:01:01,2020-06-01 01:01:01
64,tsu_c,津市,2020-06-01 01:01:01,2020-06-01 01:01:01
65,imabari_c,今治市,2020-06-01 01:01:01,2020-06-01 01:01:01
66,nara_c,奈良市,2020-06-01 01:01:01,2020-06-01 01:01:01
67,higasikagawa_c,東かがわ市,2020-06-01 01:01:01,2020-06-01 01:01:01
68,mitoyo_c,三豊市,2020-06-01 01:01:01,2020-06-01 01:01:01
69,yamaguchi_c,山口市農集,2020-06-01 01:01:01,2020-06-01 01:01:01
70,sanda_c,三田市公共下水,2020-06-01 01:01:01,2020-06-01 01:01:01
71,iwamicho,岩美町,2020-06-01 01:01:01,2020-06-01 01:01:01
72,jreast_biltech,JR東日本ビルテック,2020-06-01 01:01:01,2020-06-01 01:01:01
73,hidaka_c,日高市(エバラ),2020-06-01 01:01:01,2020-06-01 01:01:01
74,katsushikaku,葛飾区四ツ木排水機場（エバラ）,2020-06-01 01:01:01,2020-06-01 01:01:01
75,otsu_usui,大津市（WA),2020-06-01 01:01:01,2020-06-01 01:01:01
76,tosa,土佐町,2020-06-01 01:01:01,2020-06-01 01:01:01
77,nankoku_c,南国市,2020-06-01 01:01:01,2020-06-01 01:01:01
78,syodocho,小豆町,2020-06-01 01:01:01,2020-06-01 01:01:01
79,komatsu_c,小松市,2020-06-01 01:01:01,2020-06-01 01:01:01
80,tatsunomachi,tatsunomachi,2020-06-01 01:01:01,2020-06-01 01:01:01
81,chino_c,chino_c,2020-06-01 01:01:01,2020-06-01 01:01:01
82,naoshimacho,直島町,2020-06-01 01:01:01,2020-06-01 01:01:01
83,ooita_c,大分市,2020-06-01 01:01:01,2020-06-01 01:01:01
84,shichikashuku,七ヶ宿町水道,2020-06-01 01:01:01,2020-06-01 01:01:01
85,kagamino_c,kagamino_c,2020-06-01 01:01:01,2020-06-01 01:01:01
86,kagamihara_c,各務原市,2020-06-01 01:01:01,2020-06-01 01:01:01
87,koga_c,古賀市,2020-06-01 01:01:01,2020-06-01 01:01:01
88,iijimamachi,飯島町,2020-06-01 01:01:01,2020-06-01 01:01:01
89,nishihara_eisei,石原衛生工業所,2020-06-01 01:01:01,2020-06-01 01:01:01
90,seracho,世羅町,2020-06-01 01:01:01,2020-06-01 01:01:01
91,kisosakicho,木曽岬町,2020-06-01 01:01:01,2020-06-01 01:01:01
92,hitachinaka_c,ひたちなか市(WA),2020-06-01 01:01:01,2020-06-01 01:01:01
93,eiheijicho,永平寺町,2020-06-01 01:01:01,2020-06-01 01:01:01
94,moroyamamachi,毛呂山町,2020-06-01 01:01:01,2020-06-01 01:01:01
95,tobishima,飛島村,2020-06-01 01:01:01,2020-06-01 01:01:01
96,toyooka_suido,豊岡市水道,2020-06-01 01:01:01,2020-06-01 01:01:01
97,katori_c,香取市(エバラ),2020-06-01 01:01:01,2020-06-01 01:01:01
98,akashi_c,明石市,2020-06-01 01:01:01,2020-06-01 01:01:01
99,mizunami_c,瑞浪市,2020-06-01 01:01:01,2020-06-01 01:01:01
100,kazo_c,加須市(エバラ),2020-06-01 01:01:01,2020-06-01 01:01:01
101,fuefuki_suido,笛吹市水道,2020-06-01 01:01:01,2020-06-01 01:01:01
102,fuchuu_c,府中市,2020-06-01 01:01:01,2020-06-01 01:01:01
103,hirogawa_cho,広川町,2020-06-01 01:01:01,2020-06-01 01:01:01
104,nishiawakura,西粟倉村,2020-06-01 01:01:01,2020-06-01 01:01:01
105,kushimoto,串本町,2020-06-01 01:01:01,2020-06-01 01:01:01
106,tenri_c,天理市,2020-06-01 01:01:01,2020-06-01 01:01:01
107,ibara_c,井原市,2020-06-01 01:01:01,2020-06-01 01:01:01
108,kameyama_c,亀山市,2020-06-01 01:01:01,2020-06-01 01:01:01
109,ichikawa_misato,市川三郷町(エバラ),2020-06-01 01:01:01,2020-06-01 01:01:01
110,fuso_fics,fuso_fics,2020-06-01 01:01:01,2020-06-01 01:01:01
111,ibarakimachi_wa,茨城町(WA),2020-06-01 01:01:01,2020-06-01 01:01:01
112,nabari_c,名張市,2020-06-01 01:01:01,2020-06-01 01:01:01
113,udakankyo_co,宇陀環境開発,2020-06-01 01:01:01,2020-06-01 01:01:01
114,matsuyama_c,松山市（フソウ）,2020-06-01 01:01:01,2020-06-01 01:01:01
115,fukui_suido,福井市水道,2020-06-01 01:01:01,2020-06-01 01:01:01
116,warabi_c,warabi_c,2020-06-01 01:01:01,2020-06-01 01:01:01
117,saku_c,佐久市,2020-06-01 01:01:01,2020-06-01 01:01:01
118,kaiyoucho,海陽町(フソウ),2020-06-01 01:01:01,2020-06-01 01:01:01
119,katsuragi_c,葛城市（WA),2020-06-01 01:01:01,2020-06-01 01:01:01
120,kariwamura_wa,刈羽村（WA),2020-06-01 01:01:01,2020-06-01 01:01:01
121,oota_ku,大田区(エバラ）,2020-06-01 01:01:01,2020-06-01 01:01:01
122,oono_gesui,大野市下水（WA）,2020-06-01 01:01:01,2020-06-01 01:01:01
123,achi_v,阿智村,2020-06-01 01:01:01,2020-06-01 01:01:01
124,sanagouchi,佐那河内村（フソウ）,2020-06-01 01:01:01,2020-06-01 01:01:01
125,anjyou_c,安城市,2020-06-01 01:01:01,2020-06-01 01:01:01
126,hiraya,平谷村,2020-06-01 01:01:01,2020-06-01 01:01:01
127,kouseisangyo_co,kouseisangyo_co,2020-06-01 01:01:01,2020-06-01 01:01:01
128,ookuwa_vil,大桑村,2020-06-01 01:01:01,2020-06-01 01:01:01
129,mihamacho,御浜町,2020-06-01 01:01:01,2020-06-01 01:01:01
130,daisencho,大山町,2020-06-01 01:01:01,2020-06-01 01:01:01
131,nagisomachi,南木曽町,2020-06-01 01:01:01,2020-06-01 01:01:01
132,fujikawacho,富士川町(エバラ）,2020-06-01 01:01:01,2020-06-01 01:01:01
133,kouseis,kouseis,2020-06-01 01:01:01,2020-06-01 01:01:01
134,yazucho,八頭町,2020-06-01 01:01:01,2020-06-01 01:01:01
135,sakaiminato_c,境港市,2020-06-01 01:01:01,2020-06-01 01:01:01
136,sanuki_c_suido,さぬき市水道（フソウ）,2020-06-01 01:01:01,2020-06-01 01:01:01
137,tadotsu,多度津町（フソウ）,2020-06-01 01:01:01,2020-06-01 01:01:01
138,nakacho,那賀町,2020-06-01 01:01:01,2020-06-01 01:01:01
139,settsu_suiro,摂津市,2020-06-01 01:01:01,2020-06-01 01:01:01
140,kamogawa_c,kamogawa_c,2020-06-01 01:01:01,2020-06-01 01:01:01
141,ishinomaki_c,ishinomaki_c,2020-06-01 01:01:01,2020-06-01 01:01:01
142,gojyo_tochi,五条吉野土地改良区,2020-06-01 01:01:01,2020-06-01 01:01:01
143,gobo_c,御坊市,2020-06-01 01:01:01,2020-06-01 01:01:01
144,nakanoto,中能登町,2020-06-01 01:01:01,2020-06-01 01:01:01
145,okutamacho,okutamacho,2020-06-01 01:01:01,2020-06-01 01:01:01
146,ogawara_machi,ogawara_machi,2020-06-01 01:01:01,2020-06-01 01:01:01
147,showa_v,showa_v,2020-06-01 01:01:01,2020-06-01 01:01:01
148,kitakyushu,北九州市,2020-06-01 01:01:01,2020-06-01 01:01:01
149,hanno_c,hanno_c,2020-06-01 01:01:01,2020-06-01 01:01:01
150,kawaguchi_c,川口市河川,2020-06-01 01:01:01,2020-06-01 01:01:01
151,test_kakami,test_kakami,2020-06-01 01:01:01,2020-06-01 01:01:01
152,kakamigahara_c,kakamigahara_c,2020-06-01 01:01:01,2020-06-01 01:01:01
153,kawaguchi_c_gate,川口市ゲート,2020-06-01 01:01:01,2020-06-01 01:01:01
154,tsuruga_c,敦賀市下水,2020-06-01 01:01:01,2020-06-01 01:01:01
155,komatsu_tec,komatsu_tec,2020-06-01 01:01:01,2020-06-01 01:01:01
156,tsukubamira,tsukubamira,2020-06-01 01:01:01,2020-06-01 01:01:01
157,narashino_c,習志野市(WA),2020-06-01 01:01:01,2020-06-01 01:01:01
158,kawasaki_c,川崎市,2020-06-01 01:01:01,2020-06-01 01:01:01
159,kashima_kensetsu,kashima_kensetsu,2020-06-01 01:01:01,2020-06-01 01:01:01
160,miyazu_c,宮津市,2020-06-01 01:01:01,2020-06-01 01:01:01
161,koriyama_gesui,郡山市下水道,2020-06-01 01:01:01,2020-06-01 01:01:01
162,NSK,NSK,2020-06-01 01:01:01,2020-06-01 01:01:01
163,itami_c,伊丹市,2020-06-01 01:01:01,2020-06-01 01:01:01
164,yokkaichi,四日市市,2020-06-01 01:01:01,2020-06-01 01:01:01
165,utazucho,宇多津町,2020-06-01 01:01:01,2020-06-01 01:01:01
166,yamanashi_c,山梨市（エバラ）,2020-06-01 01:01:01,2020-06-01 01:01:01
167,aioi_c,相生市,2020-06-01 01:01:01,2020-06-01 01:01:01
168,tohokucho,東北町,2020-06-01 01:01:01,2020-06-01 01:01:01
169,miyosi_suido,三好市水道(フソウ),2020-06-01 01:01:01,2020-06-01 01:01:01
170,gero_gesui,下呂市,2020-06-01 01:01:01,2020-06-01 01:01:01
171,mihara_v,三原村,2020-06-01 01:01:01,2020-06-01 01:01:01
172,toueicho,東栄町,2020-06-01 01:01:01,2020-06-01 01:01:01
173,okayama_bichu,岡山県備中県民局,2020-06-01 01:01:01,2020-06-01 01:01:01
174,sayocho,佐用町,2020-06-01 01:01:01,2020-06-01 01:01:01
175,himeji_haisui,姫路市排水,2020-06-01 01:01:01,2020-06-01 01:01:01
176,dakudoiot_wa,濁度監視IoT(WA),2020-06-01 01:01:01,2020-06-01 01:01:01
177,shimosuwacho,諏訪湖流域下水道事務所（WA),2020-06-01 01:01:01,2020-06-01 01:01:01
178,izumi_c,和泉市,2020-06-01 01:01:01,2020-06-01 01:01:01
179,kagami_check,kagami_check,2020-06-01 01:01:01,2020-06-01 01:01:01
180,fs_chikusya_kaizen,畜舎実験(フソウ),2020-06-01 01:01:01,2020-06-01 01:01:01
181,takahatamachi,山形県高畠町,2020-06-01 01:01:01,2020-06-01 01:01:01
182,wakasa_tottori,鳥取県若桜町,2020-06-01 01:01:01,2020-06-01 01:01:01
183,ise_c,伊勢市,2020-06-01 01:01:01,2020-06-01 01:01:01
184,shizuoka,静岡市,2020-06-01 01:01:01,2020-06-01 01:01:01
185,ooita_fuso,大分(スモールユーザー),2020-06-01 01:01:01,2020-06-01 01:01:01
186,oita_c,大分(フソウ),2020-06-01 01:01:01,2020-06-01 01:01:01
187,shiwa_cho,岩手県紫波町,2020-06-01 01:01:01,2020-06-01 01:01:01
188,hamamatsu_c,浜松市,2020-06-01 01:01:01,2020-06-01 01:01:01
189,shimanto_c,四万十市,2020-06-01 01:01:01,2020-06-01 01:01:01
190,fukushima_c,福島市,2020-06-01 01:01:01,2020-06-01 01:01:01
191,tsuruga_suido,敦賀市水道,2020-06-01 01:01:01,2020-06-01 01:01:01
192,miharu,三春町(WA),2020-06-01 01:01:01,2020-06-01 01:01:01
193,ashiyamachi,芦屋町,2020-06-01 01:01:01,2020-06-01 01:01:01
194,maizuru_c,舞鶴市,2020-06-01 01:01:01,2020-06-01 01:01:01
195,miyoshi_machi,三芳町（荏原）,2020-06-01 01:01:01,2020-06-01 01:01:01
196,hadano,秦野市,2020-06-01 01:01:01,2020-06-01 01:01:01
197,nichinancho_kansui,日南町簡水,2020-06-01 01:01:01,2020-06-01 01:01:01
198,chikuma_c,千曲市,2020-06-01 01:01:01,2020-06-01 01:01:01
199,hachinohe,八戸市,2020-06-01 01:01:01,2020-06-01 01:01:01
200,utazucho_gesui,宇多津町下水(FICS),2020-06-01 01:01:01,2020-06-01 01:01:01
201,ooshika_vil,大鹿村,2020-06-01 01:01:01,2020-06-01 01:01:01
202,shinhidaka,新ひだか町,2020-06-01 01:01:01,2020-06-01 01:01:01
203,mhps,MHPS,2020-06-01 01:01:01,2020-06-01 01:01:01
204,kurayoshi_c,倉吉市,2020-06-01 01:01:01,2020-06-01 01:01:01
205,kobe_haisui,神戸　排水,2020-06-01 01:01:01,2020-06-01 01:01:01
206,naka_river_gov,那賀川農地防災事業所,2020-06-01 01:01:01,2020-06-01 01:01:01
207,date_c,伊達市,2020-06-01 01:01:01,2020-06-01 01:01:01
208,kaminoyama_c,上山市,2020-06-01 01:01:01,2020-06-01 01:01:01
209,kyoto_under,京都アンダーパス,2020-06-01 01:01:01,2020-06-01 01:01:01
210,kashiwara_c,大阪府柏原市,2020-06-01 01:01:01,2020-06-01 01:01:01
211,ainancho,愛南町（フソウ),2020-06-01 01:01:01,2020-06-01 01:01:01
212,kyoto_rakuhoku,京都市洛北,2020-06-01 01:01:01,2020-06-01 01:01:01
213,kitaibaraki_kanohara,kitaibaraki_kanohara,2020-06-01 01:01:01,2020-06-01 01:01:01
214,satte_c,幸手市,2020-06-01 01:01:01,2020-06-01 01:01:01
215,kashiwara_gesui,大阪府柏原市下水（EJ),2020-06-01 01:01:01,2020-06-01 01:01:01
216,ayagawacho,綾川町(フソウ),2020-06-01 01:01:01,2020-06-01 01:01:01
217,hanamaki,花巻市,2020-06-01 01:01:01,2020-06-01 01:01:01
218,fics_plant,高松市（フソウ）,2020-06-01 01:01:01,2020-06-01 01:01:01
219,veolia,ヴェオリアジェネッツ,2020-06-01 01:01:01,2020-06-01 01:01:01
220,kyoto_nantan,京都府南丹広域振興局,2020-06-01 01:01:01,2020-06-01 01:01:01
221,shinagawa_ku_ej,東京都品川区(エバラ),2020-06-01 01:01:01,2020-06-01 01:01:01
