1,1,未定,2020-06-01 01:01:01,2020-06-01 01:01:01
2,2,白兎環境開発,2020-06-01 01:01:01,2020-06-01 01:01:01
3,3,株式会社ヤマゼン,2020-06-01 01:01:01,2020-06-01 01:01:01
4,4,水ingAM株式会社,2020-06-01 01:01:01,2020-06-01 01:01:01
5,5,柳井電機工業株式会社,2020-06-01 01:01:01,2020-06-01 01:01:01
6,6,株式会社クリタス,2020-06-01 01:01:01,2020-06-01 01:01:01
7,7,株式会社柿本商会,2020-06-01 01:01:01,2020-06-01 01:01:01
8,8,株式会社ウォーターエージェンシー,2020-06-01 01:01:01,2020-06-01 01:01:01
9,9,環境技研株式会社,2020-06-01 01:01:01,2020-06-01 01:01:01
10,10,株式会社フソウ,2020-06-01 01:01:01,2020-06-01 01:01:01
11,11,近畿環境サービス株式会社,2020-06-01 01:01:01,2020-06-01 01:01:01
12,12,田辺電機株式会社,2020-06-01 01:01:01,2020-06-01 01:01:01
13,13,柳井電機工業株式会社,2020-06-01 01:01:01,2020-06-01 01:01:01
14,14,荏原実業株式会社,2020-06-01 01:01:01,2020-06-01 01:01:01
15,15,有限会社嶺北衛生,2020-06-01 01:01:01,2020-06-01 01:01:01
16,16,日本エンヂニヤ株式会社,2020-06-01 01:01:01,2020-06-01 01:01:01
17,17,日本ソフト開発株式会社,2020-06-01 01:01:01,2020-06-01 01:01:01
18,18,南関通信工業株式会社,2020-06-24 00:15:20.263159,2020-06-24 00:15:20.263159
19,19,有限会社　岡上工業,2020-07-27 06:38:05.724736,2020-07-27 06:38:05.724736
20,20,NECプラットフォームズ株式会社,2020-08-19 02:28:56.191454,2020-08-19 02:28:56.191454
21,21,マナテック株式会社,2021-02-10 00:01:40.911055,2021-02-10 00:01:40.911055
